Kullanıcı Niyeti,HTML Kaynağı,Web İçeriği,Benzerlik Skoru
google reklam stratejisi öğrenmek,div_texts,Google Reklamları,0.6706
google reklam stratejisi öğrenmek,h2,"Google reklamları direkt satış getiren, geri dönüşü kolayca ölçülebilen en iyi internet reklam aracıdır.",0.5991
google reklam stratejisi öğrenmek,paragraphs,Google Ads ürününüz ya da hizmetiniz için hızlı ve basit bir reklam mecrasıdır.,0.584
google reklam stratejisi öğrenmek,h2,Google Ads Nedir?,0.5712
google reklam stratejisi öğrenmek,paragraphs,Google Ads reklamları aracılığıyla reklamlarınız Google'da arama sonuçlarında yayınlanır.,0.5597
google reklam stratejisi öğrenmek,paragraphs,Google Ads reklamlarını başlatmak için başvuru formunu doldurmanız yeterlidir.,0.4866
google reklam stratejisi öğrenmek,div_texts,Reklamveren Kılavuzu,0.4677
google reklam stratejisi öğrenmek,paragraphs,"Minimum bir aylık ücret ödemenizi gerektirmeyen Google Ads reklamlarında, kullanıcılar reklamınıza tıkladığında ödeme yaparsınız.",0.4059
google reklam stratejisi öğrenmek,paragraphs,"Arama motoru ve sosyal medya reklamcılığı konusunda mühendislik altyapısına sahip ekibimizin geliştirdiği stratejiler doğrultusunda müşteri memnuniyetini ön planda tutarak çalışıyor, müşterilerimizle beraber başarı hikayelerimize her geçen gün yenilerini ekliyoruz.",0.3897
google reklam stratejisi öğrenmek,paragraphs,"İnternet reklamcılığı konusunda uzmanlık gerektiren bütün yükü üzerinizden alarak, Google, Yandex, Facebook, YouTube, Instagram, LinkedIn gibi dijital mecralarda reklamlarınızı yapıyoruz.",0.363
reklam kampanyası oluşturmak,div_texts,Reklam Vermek Olarak,0.7247
reklam kampanyası oluşturmak,div_texts,Reklamveren Kılavuzu,0.5437
reklam kampanyası oluşturmak,paragraphs,Google Ads reklamları aracılığıyla reklamlarınız Google'da arama sonuçlarında yayınlanır.,0.54
reklam kampanyası oluşturmak,div_texts,Web Tasarım,0.5146
reklam kampanyası oluşturmak,paragraphs,Google Ads ürününüz ya da hizmetiniz için hızlı ve basit bir reklam mecrasıdır.,0.5011
reklam kampanyası oluşturmak,div_texts,Yandex Reklamları,0.484
reklam kampanyası oluşturmak,div_texts,Google Reklamları,0.4838
reklam kampanyası oluşturmak,div_texts,Twitter Reklamları,0.4764
reklam kampanyası oluşturmak,div_texts,Facebook Reklamları,0.473
reklam kampanyası oluşturmak,div_texts,TikTok Reklamları,0.4725
reklam reklamı istemektedir,div_texts,Reklam Vermek Olarak,0.7077
reklam reklamı istemektedir,div_texts,Reklamveren Kılavuzu,0.5833
reklam reklamı istemektedir,paragraphs,Google Ads reklamları aracılığıyla reklamlarınız Google'da arama sonuçlarında yayınlanır.,0.5016
reklam reklamı istemektedir,div_texts,Google Reklamları,0.4962
reklam reklamı istemektedir,div_texts,Web Tasarım,0.4692
reklam reklamı istemektedir,div_texts,TikTok Reklamları,0.4623
reklam reklamı istemektedir,paragraphs,Google Ads ürününüz ya da hizmetiniz için hızlı ve basit bir reklam mecrasıdır.,0.4609
reklam reklamı istemektedir,div_texts,Yandex Reklamları,0.4365
reklam reklamı istemektedir,paragraphs,Google Ads reklamlarını başlatmak için başvuru formunu doldurmanız yeterlidir.,0.435
reklam reklamı istemektedir,div_texts,Twitter Reklamları,0.4312
reklam verme stratejileri araştırmak,div_texts,Reklam Vermek Olarak,0.6565
reklam verme stratejileri araştırmak,paragraphs,Google Ads reklamları aracılığıyla reklamlarınız Google'da arama sonuçlarında yayınlanır.,0.6342
reklam verme stratejileri araştırmak,div_texts,Google Reklamları,0.608
reklam verme stratejileri araştırmak,h2,"Google reklamları direkt satış getiren, geri dönüşü kolayca ölçülebilen en iyi internet reklam aracıdır.",0.5689
reklam verme stratejileri araştırmak,div_texts,Reklamveren Kılavuzu,0.5645
reklam verme stratejileri araştırmak,paragraphs,Google Ads ürününüz ya da hizmetiniz için hızlı ve basit bir reklam mecrasıdır.,0.5609
reklam verme stratejileri araştırmak,div_texts,Yandex Reklamları,0.4946
reklam verme stratejileri araştırmak,paragraphs,"Arama motoru ve sosyal medya reklamcılığı konusunda mühendislik altyapısına sahip ekibimizin geliştirdiği stratejiler doğrultusunda müşteri memnuniyetini ön planda tutarak çalışıyor, müşterilerimizle beraber başarı hikayelerimize her geçen gün yenilerini ekliyoruz.",0.4798
reklam verme stratejileri araştırmak,h2,Twitter Reklam Türleri Nelerdir?,0.4717
reklam verme stratejileri araştırmak,div_texts,Ads Reklam Politikası,0.4611
reklam verme yöntemleri öğrenme,div_texts,Reklam Vermek Olarak,0.6362
reklam verme yöntemleri öğrenme,div_texts,Reklamveren Kılavuzu,0.5738
reklam verme yöntemleri öğrenme,paragraphs,Google Ads reklamları aracılığıyla reklamlarınız Google'da arama sonuçlarında yayınlanır.,0.5405
reklam verme yöntemleri öğrenme,h2,"Google reklamları direkt satış getiren, geri dönüşü kolayca ölçülebilen en iyi internet reklam aracıdır.",0.5038
reklam verme yöntemleri öğrenme,paragraphs,Google Ads ürününüz ya da hizmetiniz için hızlı ve basit bir reklam mecrasıdır.,0.5029
reklam verme yöntemleri öğrenme,div_texts,Google Reklamları,0.4896
reklam verme yöntemleri öğrenme,div_texts,Ads Reklam Politikası,0.4171
reklam verme yöntemleri öğrenme,paragraphs,Google Ads reklamlarını başlatmak için başvuru formunu doldurmanız yeterlidir.,0.4024
reklam verme yöntemleri öğrenme,div_texts,EĞİTİM,0.3978
reklam verme yöntemleri öğrenme,div_texts,X Reklamları,0.3931
reklam web sitesi bulma,div_texts,Google Reklamları,0.6826
reklam web sitesi bulma,paragraphs,Google Ads reklamları aracılığıyla reklamlarınız Google'da arama sonuçlarında yayınlanır.,0.6732
reklam web sitesi bulma,div_texts,Reklamveren Kılavuzu,0.6373
reklam web sitesi bulma,paragraphs,Google Ads ürününüz ya da hizmetiniz için hızlı ve basit bir reklam mecrasıdır.,0.6197
reklam web sitesi bulma,h2,"Google reklamları direkt satış getiren, geri dönüşü kolayca ölçülebilen en iyi internet reklam aracıdır.",0.619
reklam web sitesi bulma,div_texts,Reklam Vermek Olarak,0.5649
reklam web sitesi bulma,paragraphs,"Minimum bir aylık ücret ödemenizi gerektirmeyen Google Ads reklamlarında, kullanıcılar reklamınıza tıkladığında ödeme yaparsınız.",0.5297
reklam web sitesi bulma,div_texts,Web Tasarım,0.5047
reklam web sitesi bulma,div_texts,Yandex Reklamları,0.4888
reklam web sitesi bulma,div_texts,Ads Reklam Politikası,0.4877
