Kullanıcı Niyeti,Mevcut İçerik,Geliştirilmiş İçerik,HTML Bölümü,Eski Skor,Yeni Skor,Yüzde Değişim
google reklam stratejisi öğrenmek,"Google reklamları direkt satış getiren, geri dönüşü kolayca ölçülebilen en iyi internet reklam aracıdır.","Google reklamları öğrenerek, etkili bir reklam stratejisi oluşturabilir ve dönüşümlerinizi optimize edebilirsiniz.",h2,0.5991,0.71535,19.4
google reklam stratejisi öğrenmek,Google Ads ürününüz ya da hizmetiniz için hızlı ve basit bir reklam mecrasıdır.,"Google Ads, markanız için etkili bir reklam stratejisi öğrenmek ve uygulamanızı destekler. Hedef kitlenize ulaşmak ve dönüşümler elde etmek için detaylı rehberler ve ipuçları içerir.",paragraphs,0.584,0.717097,22.79
google reklam stratejisi öğrenmek,Google Ads Nedir?,Google Reklam Stratejisi Öğrenin: Google Ads ile etkili kampanyalar oluşturun ve hedef kitlenize ulaşın.,h2,0.5712,0.678821,18.84
google reklam stratejisi öğrenmek,Google Ads reklamları aracılığıyla reklamlarınız Google'da arama sonuçlarında yayınlanır.,"Google Ads, Google arama sonuçlarında hedefli reklamlar yayınlamanıza yardımcı olur. Google reklam stratejilerini öğrenerek daha etkili kampanyalar oluşturabilirsiniz.",paragraphs,0.5597,0.635712,13.58
google reklam stratejisi öğrenmek,Google Ads reklamlarını başlatmak için başvuru formunu doldurmanız yeterlidir.,Google reklam stratejilerini öğrenerek online pazarlamanızı optimize edin. Google Ads ile tanışın ve hedefli reklam kampanyaları oluşturun.,paragraphs,0.4866,0.680493,39.85
google reklam stratejisi öğrenmek,Reklamveren Kılavuzu,Google Reklam Stratejileri Öğrenin: Hedef kitlenize ulaşmak ve reklam bütçenizi optimize etmek için kapsamlı rehber.,div_texts,0.4677,0.74992,60.34
google reklam stratejisi öğrenmek,"Minimum bir aylık ücret ödemenizi gerektirmeyen Google Ads reklamlarında, kullanıcılar reklamınıza tıkladığında ödeme yaparsınız.","Google reklam stratejisi öğrenmek için Google Ads'de, tıklama başına ödeme modelini öğrenin. Bu modelde reklamınıza tıkan kullanıcılar, reklamınızın görüldüğü anda ödeme yapar.",paragraphs,0.4059,0.588693,45.03
google reklam stratejisi öğrenmek,"Arama motoru ve sosyal medya reklamcılığı konusunda mühendislik altyapısına sahip ekibimizin geliştirdiği stratejiler doğrultusunda müşteri memnuniyetini ön planda tutarak çalışıyor, müşterilerimizle beraber başarı hikayelerimize her geçen gün yenilerini ekliyoruz.","Google reklam stratejisini öğrenmek mi istiyorsunuz? Mühendislik altyapısına sahip ekibimiz, size en etkili stratejileri sunuyor. Başarı hikayelerimizle Google reklamcılığında nasıl başarılı olunacağını öğrenin.",paragraphs,0.3897,0.619269,58.91
google reklam stratejisi öğrenmek,"İnternet reklamcılığı konusunda uzmanlık gerektiren bütün yükü üzerinizden alarak, Google, Yandex, Facebook, YouTube, Instagram, LinkedIn gibi dijital mecralarda reklamlarınızı yapıyoruz.","Google reklam stratejisini öğrenmek mi istiyorsunuz? Dijital reklamcılıkta başarılı olmak için doğru stratejiler geliştirmek ve uygulamak önemlidir. Size bu konuda rehberlik edebilir, bilinçli kararlar vermenize yardımcı olabiliriz.",paragraphs,0.363,0.71859,97.96
reklam kampanyası oluşturmak,Reklamveren Kılavuzu,"Reklam Kampanyası Oluşturma Kılavuzu: Hedef kitlenizi belirleyin, mesajınızı oluşturun ve etkili kanallar seçin. Şimdi başlayın!",div_texts,0.5437,0.652267,19.97
reklam kampanyası oluşturmak,Google Ads reklamları aracılığıyla reklamlarınız Google'da arama sonuçlarında yayınlanır.,Google Ads ile Google'da arama sonuçlarında hedef kitlenize ulaşarak etkili reklam kampanyaları oluşturabilirsiniz.,paragraphs,0.54,0.617102,14.28
reklam kampanyası oluşturmak,Web Tasarım,"Reklam kampanyası oluşturma rehberi: Hedef kitlenizi belirleyin, mesajınızı şekillendirin ve uygun kanalları seçin.",div_texts,0.5146,0.715411,39.02
reklam kampanyası oluşturmak,Google Ads ürününüz ya da hizmetiniz için hızlı ve basit bir reklam mecrasıdır.,Google Ads ile hedefli reklam kampanyaları oluşturun ve reklam bütçenizi etkili bir şekilde yönetin.,paragraphs,0.5011,0.558339,11.42
reklam kampanyası oluşturmak,Yandex Reklamları,Yandex Reklamları ile etkili reklam kampanyaları oluşturun. Hedef kitlenize ulaşın ve dönüşümler elde edin.,div_texts,0.484,0.537051,10.96
reklam kampanyası oluşturmak,Google Reklamları,Google Reklamları ile etkili reklam kampanyaları oluşturun.,div_texts,0.4838,0.639438,32.17
reklam kampanyası oluşturmak,Twitter Reklamları,Twitter reklam kampanyası oluşturmak için kapsamlı rehber.,div_texts,0.4764,0.539375,13.22
reklam kampanyası oluşturmak,Facebook Reklamları,"Facebook reklam kampanyası oluşturma rehberi: Hedef kitlenizi belirleyin, bütçenizi ayarlayın ve etkili reklam metinleri yazın.",div_texts,0.473,0.568775,20.25
reklam kampanyası oluşturmak,TikTok Reklamları,TikTok reklamları ile hedefli bir kitleye ulaşın. Etkili reklam kampanyaları oluşturarak marka bilinirliğinizi artırın ve satışlarınızı yükseltin.,div_texts,0.4725,0.599294,26.83
reklam reklamı istemektedir,Web Tasarım,Web tasarım hizmetleri için reklam tanıtımı,div_texts,0.4692,0.724233,54.35
reklam reklamı istemektedir,Twitter Reklamları,Twitter'da reklam vermek mi istiyorsunuz? Hedef kitlenize ulaşmanın etkili bir yoludur.,div_texts,0.4312,0.450975,4.59
reklam verme stratejileri araştırmak,Reklam Vermek Olarak,"Reklam verme stratejilerini keşfedin: Hedef kitlenizi belirleyin, doğru kanalları seçin ve kampanyalarınızı optimize edin.",div_texts,0.6565,0.729233,11.08
reklam verme stratejileri araştırmak,Google Ads reklamları aracılığıyla reklamlarınız Google'da arama sonuçlarında yayınlanır.,"Google Ads, arama sonuçlarında hedefli reklamlar oluşturmanızı ve yayınlamanızı sağlar. Farklı stratejilerle dönüşümleri optimize edebilirsiniz.",paragraphs,0.6342,0.661929,4.37
reklam verme stratejileri araştırmak,Google Reklamları,Google Reklamları ile etkili reklam verme stratejilerini keşfedin. Hedef kitlenize ulaşmak ve dönüşümleri artırmak için farklı yaklaşımları inceleyin.,div_texts,0.608,0.711987,17.1
reklam verme stratejileri araştırmak,"Google reklamları direkt satış getiren, geri dönüşü kolayca ölçülebilen en iyi internet reklam aracıdır.",Farklı reklam verme stratejilerini değerlendirirken Google Ads'in potansiyelini incelemek önemlidir. Hedef kitlenize ulaşmak ve ROI'ınızı optimize etmek için farklı yöntemleri araştırabilirsiniz.,h2,0.5689,0.714701,25.63
reklam verme stratejileri araştırmak,Reklamveren Kılavuzu,Reklam Verme Stratejileri: Hedef kitlenize ulaşmak ve pazarlama bütçenizi optimize etmek için en iyi yaklaşımları keşfedin.,div_texts,0.5645,0.735317,30.26
reklam verme stratejileri araştırmak,Google Ads ürününüz ya da hizmetiniz için hızlı ve basit bir reklam mecrasıdır.,"Google Ads, potansiyel müşterilere ulaşmanızı sağlayan etkili bir reklam stratejisi sunar. Hedefli reklamlar oluşturarak, bütçenize göre performansınızı ölçebilirsiniz.",paragraphs,0.5609,0.673972,20.16
reklam verme stratejileri araştırmak,Yandex Reklamları,Yandex Reklamları ile reklam verme stratejileri hakkında bilgi edinin. Hedef kitlenize ulaşmak için etkili yöntemleri keşfedin.,div_texts,0.4946,0.63743,28.88
reklam verme stratejileri araştırmak,"Arama motoru ve sosyal medya reklamcılığı konusunda mühendislik altyapısına sahip ekibimizin geliştirdiği stratejiler doğrultusunda müşteri memnuniyetini ön planda tutarak çalışıyor, müşterilerimizle beraber başarı hikayelerimize her geçen gün yenilerini ekliyoruz.","Reklam verme stratejileri araştırırken, arama motoru ve sosyal medya reklamcılığı alanlarında uzman ekibimizin geliştirdiği stratejileri inceleyebilirsiniz. Müşteri memnuniyetini ön planda tutarak, ortak başarı hikayelerimizi de değerlendirebilirsiniz.",paragraphs,0.4798,0.677765,41.26
reklam verme stratejileri araştırmak,Twitter Reklam Türleri Nelerdir?,Twitter'da reklam verme stratejileri ve yöntemleri hakkında bilgi edinmek için doğru yerdesiniz.,h2,0.4717,0.527826,11.9
reklam verme stratejileri araştırmak,Ads Reklam Politikası,Reklam Verme Stratejileri: Hedef kitlenize ulaşmak için doğru yöntemleri keşfedin. Farklı reklam stratejilerini inceleyin ve uygulayın.,div_texts,0.4611,0.723292,56.86
reklam verme yöntemleri öğrenme,Reklam Vermek Olarak,Reklam verme yöntemlerini keşfedin. Hedef kitlenize ulaşmak için etkili stratejiler öğrenin.,div_texts,0.6362,0.794912,24.95
reklam verme yöntemleri öğrenme,Reklamveren Kılavuzu,Reklam Verme Yöntemleri: Etkili reklam stratejileri ve kampanyaları oluşturmak için ihtiyış duyacağınız tüm bilgiler burada.,div_texts,0.5738,0.706974,23.21
reklam verme yöntemleri öğrenme,Google Ads reklamları aracılığıyla reklamlarınız Google'da arama sonuçlarında yayınlanır.,"Google Ads, Google'da arama sonuçlarında hedefli reklamlar oluşturmanıza ve yayınlamanıza olanak tanır. Farklı reklam formatları ve hedefleme seçenekleriyle dijital pazarlamanızı etkili bir şekilde yönetebilirsiniz.",paragraphs,0.5405,0.577739,6.89
reklam verme yöntemleri öğrenme,"Google reklamları direkt satış getiren, geri dönüşü kolayca ölçülebilen en iyi internet reklam aracıdır.","Farklı reklam verme yöntemlerini öğrenmek mi istiyorsunuz? Google Ads, hedefli reklamlar sunarak dönüşüm oranlarını optimize etmenize yardımcı olabilir.",h2,0.5038,0.673977,33.78
reklam verme yöntemleri öğrenme,Google Ads ürününüz ya da hizmetiniz için hızlı ve basit bir reklam mecrasıdır.,"Google Ads, hedefli reklamlar oluşturarak ürün veya hizmetinizi potansiyel müşterilere ulaştırmanıza yardımcı olur. Farklı reklam verme yöntemlerini öğrenerek bütçenize en uygun stratejiyi belirleyebilirsiniz.",paragraphs,0.5029,0.637729,26.81
reklam verme yöntemleri öğrenme,Google Reklamları,Google Reklamları ile etkili reklam verme yöntemlerini öğrenin ve dijital pazarlamada başarılı olun.,div_texts,0.4896,0.665439,35.91
reklam verme yöntemleri öğrenme,Ads Reklam Politikası,"Reklam verme yöntemlerini öğrenmek istiyorsanız, reklam politikalarını anlamak önemlidir. Farklı reklam platformları için ayrıntılı kurallar bulunur.",div_texts,0.4171,0.676644,62.23
reklam verme yöntemleri öğrenme,Google Ads reklamlarını başlatmak için başvuru formunu doldurmanız yeterlidir.,"Farklı reklam verme yöntemlerini (Google Ads, sosyal medya vb.) öğrenerek hedef kitlenize ulaşabilirsiniz.",paragraphs,0.4024,0.749204,86.18
reklam verme yöntemleri öğrenme,EĞİTİM,"Reklam Verme Yöntemleri: Etkili stratejiler, hedef kitle analizi ve kanal seçimi hakkında bilgi edinin.",div_texts,0.3978,0.748485,88.16
reklam verme yöntemleri öğrenme,X Reklamları,Farklı reklam verme yöntemlerini ve stratejilerini öğrenerek pazarlama hedeflerinize ulaşabilirsiniz.,div_texts,0.3931,0.765605,94.76
reklam web sitesi bulma,Google Reklamları,Reklam web siteleri ve platformları bulmak için Google Reklamları'nı kullanın.,div_texts,0.6826,0.694352,1.72
reklam web sitesi bulma,Reklamveren Kılavuzu,Reklam web sitelerini bulmak için doğru platformu seçmek mi arıyorsunuz? İşte size reklamverenlere özel web siteleri listesi ve rehberi.,div_texts,0.6373,0.741059,16.28
reklam web sitesi bulma,"Google reklamları direkt satış getiren, geri dönüşü kolayca ölçülebilen en iyi internet reklam aracıdır.","Google reklamları, reklam web siteleri arasında hedefli reklamcılık imkanı sunar.",h2,0.619,0.728022,17.61
reklam web sitesi bulma,Reklam Vermek Olarak,Reklam vermek için uygun web sitelerini bulmanıza yardımcı oluyoruz. Farklı reklam seçeneklerini keşfedin.,div_texts,0.5649,0.722031,27.82
reklam web sitesi bulma,"Minimum bir aylık ücret ödemenizi gerektirmeyen Google Ads reklamlarında, kullanıcılar reklamınıza tıkladığında ödeme yaparsınız.","Reklam web siteleri arıyorsanız, Google Ads reklamları ile tıklama başına ödeme yapabilirsiniz. Aylık abonelik ücreti bulunmamaktadır.",paragraphs,0.5297,0.653898,23.45
reklam web sitesi bulma,Yandex Reklamları,Reklam verme platformları ve web siteleri arıyorsunuz? İşte size reklam web siteleri için birçok seçenek.,div_texts,0.4888,0.731143,49.58
reklam web sitesi bulma,Ads Reklam Politikası,Reklam platformlarında reklam oluşturmak ve yayınlamak için politikalar ve kurallar.,div_texts,0.4877,0.568521,16.57
