Sorgu,HTML Kaynağı,Web İçeriği,Benzerlik Skoru
ads reklam ver,div_texts,Ads Reklam Politikası,0.713
ads reklam ver,paragraphs,Google Ads ürününüz ya da hizmetiniz için hızlı ve basit bir reklam mecrasıdır.,0.6612
ads reklam ver,div_texts,Reklam Vermek Olarak,0.6585
ads reklam ver,h2,Google Ads Nedir?,0.6053
ads reklam ver,paragraphs,Google Ads reklamları aracılığıyla reklamlarınız Google'da arama sonuçlarında yayınlanır.,0.592
ads reklam ver,paragraphs,Google Ads reklamlarını başlatmak için başvuru formunu doldurmanız yeterlidir.,0.551
ads reklam ver,div_texts,Reklamveren Kılavuzu,0.5355
ads reklam ver,div_texts,Google Reklamları,0.467
ads reklam ver,paragraphs,"Minimum bir aylık ücret ödemenizi gerektirmeyen Google Ads reklamlarında, kullanıcılar reklamınıza tıkladığında ödeme yaparsınız.",0.4489
ads reklam ver,div_texts,Twitter Reklamları,0.411
ads reklam vermek,div_texts,Reklam Vermek Olarak,0.7181
ads reklam vermek,div_texts,Ads Reklam Politikası,0.7035
ads reklam vermek,paragraphs,Google Ads ürününüz ya da hizmetiniz için hızlı ve basit bir reklam mecrasıdır.,0.6403
ads reklam vermek,h2,Google Ads Nedir?,0.6123
ads reklam vermek,paragraphs,Google Ads reklamları aracılığıyla reklamlarınız Google'da arama sonuçlarında yayınlanır.,0.5604
ads reklam vermek,div_texts,Reklamveren Kılavuzu,0.5328
ads reklam vermek,paragraphs,Google Ads reklamlarını başlatmak için başvuru formunu doldurmanız yeterlidir.,0.5125
ads reklam vermek,div_texts,Google Reklamları,0.4417
ads reklam vermek,paragraphs,"Minimum bir aylık ücret ödemenizi gerektirmeyen Google Ads reklamlarında, kullanıcılar reklamınıza tıkladığında ödeme yaparsınız.",0.417
ads reklam vermek,div_texts,Twitter Reklamları,0.3985
google reklam verme,div_texts,Google Reklamları,0.8793
google reklam verme,paragraphs,Google Ads reklamları aracılığıyla reklamlarınız Google'da arama sonuçlarında yayınlanır.,0.737
google reklam verme,paragraphs,Google Ads ürününüz ya da hizmetiniz için hızlı ve basit bir reklam mecrasıdır.,0.698
google reklam verme,h2,Google Ads Nedir?,0.6715
google reklam verme,div_texts,Reklam Vermek Olarak,0.5464
google reklam verme,paragraphs,"Minimum bir aylık ücret ödemenizi gerektirmeyen Google Ads reklamlarında, kullanıcılar reklamınıza tıkladığında ödeme yaparsınız.",0.5346
google reklam verme,div_texts,Yandex Reklamları,0.5093
google reklam verme,paragraphs,Google Ads reklamlarını başlatmak için başvuru formunu doldurmanız yeterlidir.,0.504
google reklam verme,div_texts,Reklamveren Kılavuzu,0.497
google reklam verme,div_texts,Facebook Reklamları,0.4673
google reklam vermek,div_texts,Google Reklamları,0.8489
google reklam vermek,paragraphs,Google Ads reklamları aracılığıyla reklamlarınız Google'da arama sonuçlarında yayınlanır.,0.7229
google reklam vermek,paragraphs,Google Ads ürününüz ya da hizmetiniz için hızlı ve basit bir reklam mecrasıdır.,0.7
google reklam vermek,h2,Google Ads Nedir?,0.6596
google reklam vermek,div_texts,Reklam Vermek Olarak,0.5995
google reklam vermek,paragraphs,"Minimum bir aylık ücret ödemenizi gerektirmeyen Google Ads reklamlarında, kullanıcılar reklamınıza tıkladığında ödeme yaparsınız.",0.5275
google reklam vermek,paragraphs,Google Ads reklamlarını başlatmak için başvuru formunu doldurmanız yeterlidir.,0.5159
google reklam vermek,div_texts,Yandex Reklamları,0.5089
google reklam vermek,div_texts,Reklamveren Kılavuzu,0.4899
google reklam vermek,div_texts,Facebook Reklamları,0.4758
reklam ver,div_texts,Reklam Vermek Olarak,0.8315
reklam ver,paragraphs,Google Ads reklamları aracılığıyla reklamlarınız Google'da arama sonuçlarında yayınlanır.,0.5497
reklam ver,div_texts,Reklamveren Kılavuzu,0.5432
reklam ver,div_texts,Google Reklamları,0.5367
reklam ver,div_texts,X Reklamları,0.5221
reklam ver,div_texts,Yandex Reklamları,0.4845
reklam ver,paragraphs,Google Ads ürününüz ya da hizmetiniz için hızlı ve basit bir reklam mecrasıdır.,0.4766
reklam ver,div_texts,Twitter Reklamları,0.4662
reklam ver,div_texts,Facebook Reklamları,0.438
reklam ver,div_texts,TikTok Reklamları,0.4342
reklam verme,div_texts,Reklam Vermek Olarak,0.8712
reklam verme,div_texts,Reklamveren Kılavuzu,0.6026
reklam verme,paragraphs,Google Ads reklamları aracılığıyla reklamlarınız Google'da arama sonuçlarında yayınlanır.,0.5655
reklam verme,div_texts,Google Reklamları,0.5614
reklam verme,paragraphs,Google Ads ürününüz ya da hizmetiniz için hızlı ve basit bir reklam mecrasıdır.,0.5045
reklam verme,div_texts,Ads Reklam Politikası,0.4648
reklam verme,div_texts,Twitter Reklamları,0.4647
reklam verme,div_texts,Yandex Reklamları,0.4601
reklam verme,div_texts,X Reklamları,0.4528
reklam verme,div_texts,Web Tasarım,0.4464
reklam vermek,div_texts,Reklam Vermek Olarak,0.9102
reklam vermek,div_texts,Reklamveren Kılavuzu,0.5676
reklam vermek,paragraphs,Google Ads reklamları aracılığıyla reklamlarınız Google'da arama sonuçlarında yayınlanır.,0.544
reklam vermek,div_texts,Google Reklamları,0.5294
reklam vermek,paragraphs,Google Ads ürününüz ya da hizmetiniz için hızlı ve basit bir reklam mecrasıdır.,0.4971
reklam vermek,div_texts,Yandex Reklamları,0.4733
reklam vermek,div_texts,Twitter Reklamları,0.4705
reklam vermek,div_texts,X Reklamları,0.4416
reklam vermek,div_texts,Facebook Reklamları,0.4378
reklam vermek,div_texts,Ads Reklam Politikası,0.4373
web site reklam,div_texts,Google Reklamları,0.6789
web site reklam,paragraphs,Google Ads reklamları aracılığıyla reklamlarınız Google'da arama sonuçlarında yayınlanır.,0.6728
web site reklam,div_texts,Reklam Vermek Olarak,0.6187
web site reklam,div_texts,Reklamveren Kılavuzu,0.6176
web site reklam,paragraphs,Google Ads ürününüz ya da hizmetiniz için hızlı ve basit bir reklam mecrasıdır.,0.6068
web site reklam,div_texts,Web Tasarım,0.5994
web site reklam,div_texts,Ads Reklam Politikası,0.5579
web site reklam,paragraphs,"Minimum bir aylık ücret ödemenizi gerektirmeyen Google Ads reklamlarında, kullanıcılar reklamınıza tıkladığında ödeme yaparsınız.",0.5348
web site reklam,div_texts,Facebook Reklamları,0.4785
web site reklam,h2,Google Ads Nedir?,0.4701
