Alan,İçerik,Kullanıcı Sorgusu,Benzerlik Skoru
title,Google Reklam Vermek | 444 0 964 | Google Ads Reklam,google reklam verme,0.6478
title,Google Reklam Vermek | 444 0 964 | Google Ads Reklam,reklam verme,0.3897
title,Google Reklam Vermek | 444 0 964 | Google Ads Reklam,reklam ver,0.3496
title,Google Reklam Vermek | 444 0 964 | Google Ads Reklam,reklam vermek,0.384
title,Google Reklam Vermek | 444 0 964 | Google Ads Reklam,web site reklam,0.4461
title,Google Reklam Vermek | 444 0 964 | Google Ads Reklam,ads reklam vermek,0.4115
title,Google Reklam Vermek | 444 0 964 | Google Ads Reklam,ads reklam ver,0.4274
title,Google Reklam Vermek | 444 0 964 | Google Ads Reklam,google reklam vermek,0.6427
meta_description,"Google Ads Premier İş Ortağı: Google Ads Reklam Verme, Facebook Reklamları, Instagram Reklamları, Youtube Reklamları, Reklam Yönetimi ve Kurumsal Çözümler için Bizi Arayın 444-0-964",google reklam verme,0.4665
meta_description,"Google Ads Premier İş Ortağı: Google Ads Reklam Verme, Facebook Reklamları, Instagram Reklamları, Youtube Reklamları, Reklam Yönetimi ve Kurumsal Çözümler için Bizi Arayın 444-0-964",reklam verme,0.3861
meta_description,"Google Ads Premier İş Ortağı: Google Ads Reklam Verme, Facebook Reklamları, Instagram Reklamları, Youtube Reklamları, Reklam Yönetimi ve Kurumsal Çözümler için Bizi Arayın 444-0-964",reklam ver,0.343
meta_description,"Google Ads Premier İş Ortağı: Google Ads Reklam Verme, Facebook Reklamları, Instagram Reklamları, Youtube Reklamları, Reklam Yönetimi ve Kurumsal Çözümler için Bizi Arayın 444-0-964",reklam vermek,0.3755
meta_description,"Google Ads Premier İş Ortağı: Google Ads Reklam Verme, Facebook Reklamları, Instagram Reklamları, Youtube Reklamları, Reklam Yönetimi ve Kurumsal Çözümler için Bizi Arayın 444-0-964",web site reklam,0.3473
meta_description,"Google Ads Premier İş Ortağı: Google Ads Reklam Verme, Facebook Reklamları, Instagram Reklamları, Youtube Reklamları, Reklam Yönetimi ve Kurumsal Çözümler için Bizi Arayın 444-0-964",ads reklam vermek,0.3719
meta_description,"Google Ads Premier İş Ortağı: Google Ads Reklam Verme, Facebook Reklamları, Instagram Reklamları, Youtube Reklamları, Reklam Yönetimi ve Kurumsal Çözümler için Bizi Arayın 444-0-964",ads reklam ver,0.3811
meta_description,"Google Ads Premier İş Ortağı: Google Ads Reklam Verme, Facebook Reklamları, Instagram Reklamları, Youtube Reklamları, Reklam Yönetimi ve Kurumsal Çözümler için Bizi Arayın 444-0-964",google reklam vermek,0.4525
